{
    "batchName": "",
    "batchTime": 1746698458,
    "boardConf": "",
    "boardCustom": "",
    "boardName": "",
    "boardOptions": 128,
    "boardRev": "",
    "cameraData": [
        [
            0,
            {
                "cameraType": 1,
                "distortionCoeff": [
                    -0.06519061326980591,
                    0.0013029506662860513,
                    -0.0052088587544858456,
                    0.0009890181245282292,
                    0.0,
                    0.0,
                    0.0,
                    0.0,
                    0.0,
                    0.0,
                    0.0,
                    0.0,
                    0.0,
                    0.0
                ],
                "extrinsics": {
                    "rotationMatrix": [
                        [
                            0.99977707862854,
                            0.014512614347040653,
                            0.015333680436015129
                        ],
                        [
                            -0.015133495442569256,
                            -0.013804649002850056,
                            0.9997901916503906
                        ],
                        [
                            0.014721245504915714,
                            -0.999799370765686,
                            -0.013581945560872555
                        ]
                    ],
                    "specTranslation": {
                        "x": -1.0,
                        "y": 0.0,
                        "z": 0.0
                    },
                    "toCameraSocket": 3,
                    "translation": {
                        "x": 0.174653559923172,
                        "y": 1.664833903312683,
                        "z": -1.979487657546997
                    }
                },
                "height": 800,
                "intrinsicMatrix": [
                    [
                        594.6943359375,
                        0.0,
                        655.7923583984375
                    ],
                    [
                        0.0,
                        594.439453125,
                        412.2958068847656
                    ],
                    [
                        0.0,
                        0.0,
                        1.0
                    ]
                ],
                "lensPosition": 0,
                "specHfovDeg": 0.0,
                "width": 1280
            }
        ],
        [
            2,
            {
                "cameraType": 1,
                "distortionCoeff": [
                    0.3555014431476593,
                    0.08310229331254959,
                    -0.15270765125751495,
                    0.04967447370290756,
                    0.0,
                    0.0,
                    0.0,
                    0.0,
                    0.0,
                    0.0,
                    0.0,
                    0.0,
                    0.0,
                    0.0
                ],
                "extrinsics": {
                    "rotationMatrix": [
                        [
                            0.874528706073761,
                            0.021872980520129204,
                            0.4844802916049957
                        ],
                        [
                            -0.01935666985809803,
                            0.999760627746582,
                            -0.010196044109761715
                        ],
                        [
                            -0.48458734154701233,
                            -0.0004611922486219555,
                            0.8747427463531494
                        ]
                    ],
                    "specTranslation": {
                        "x": -1.0,
                        "y": 0.0,
                        "z": 0.0
                    },
                    "toCameraSocket": 3,
                    "translation": {
                        "x": 7.128105163574219,
                        "y": -0.08235371112823486,
                        "z": -3.9108285903930664
                    }
                },
                "height": 800,
                "intrinsicMatrix": [
                    [
                        394.9858703613281,
                        0.0,
                        645.573974609375
                    ],
                    [
                        0.0,
                        394.99517822265625,
                        413.7248840332031
                    ],
                    [
                        0.0,
                        0.0,
                        1.0
                    ]
                ],
                "lensPosition": 0,
                "specHfovDeg": 0.0,
                "width": 1280
            }
        ],
        [
            3,
            {
                "cameraType": 0,
                "distortionCoeff": [
                    2.4460474378429353e-05,
                    -0.000857493607327342,
                    0.0020594613160938025,
                    -0.0003668556164484471,
                    0.0,
                    427.00384521484375,
                    427.0187683105469,
                    953.8735961914063,
                    609.9893188476563,
                    -0.30796608328819275,
                    0.5500341653823853,
                    0.0,
                    0.0,
                    0.0
                ],
                "extrinsics": {
                    "rotationMatrix": [],
                    "specTranslation": {
                        "x": 0.0,
                        "y": 0.0,
                        "z": 0.0
                    },
                    "toCameraSocket": -1,
                    "translation": {
                        "x": 0.0,
                        "y": 0.0,
                        "z": 0.0
                    }
                },
                "height": 1200,
                "intrinsicMatrix": [
                    [
                        615.0250244140625,
                        0.0,
                        953.831787109375
                    ],
                    [
                        0.0,
                        614.7193603515625,
                        609.9465942382813
                    ],
                    [
                        0.0,
                        0.0,
                        1.0
                    ]
                ],
                "lensPosition": 0,
                "specHfovDeg": 0.0,
                "width": 1920
            }
        ],
        [
            1,
            {
                "cameraType": 1,
                "distortionCoeff": [
                    0.37059059739112854,
                    0.04139627143740654,
                    -0.11401250958442688,
                    0.03789641335606575,
                    0.0,
                    0.0,
                    0.0,
                    0.0,
                    0.0,
                    0.0,
                    0.0,
                    0.0,
                    0.0,
                    0.0
                ],
                "extrinsics": {
                    "rotationMatrix": [
                        [
                            0.8586336970329285,
                            0.003310350701212883,
                            -0.5125789642333984
                        ],
                        [
                            -0.005062564741820097,
                            0.9999851584434509,
                            -0.00202229805290699
                        ],
                        [
                            0.5125646591186523,
                            0.00433137733489275,
                            0.8586376905441284
                        ]
                    ],
                    "specTranslation": {
                        "x": -1.0,
                        "y": 0.0,
                        "z": 0.0
                    },