{
    "batchName": "",
    "batchTime": 1747899192,
    "boardConf": "",
    "boardCustom": "",
    "boardName": "",
    "boardOptions": 128,
    "boardRev": "",
    "cameraData": [
        [
            1,
            {
                "cameraType": 1,
                "distortionCoeff": [
                    0.35497376322746277,
                    0.08846939355134964,
                    -0.16015581786632538,
                    0.05233846604824066,
                    0.0,
                    0.0,
                    0.0,
                    0.0,
                    0.0,
                    0.0,
                    0.0,
                    0.0,
                    0.0,
                    0.0
                ],
                "extrinsics": {
                    "rotationMatrix": [
                        [
                            0.8606579899787903,
                            -0.010338429361581802,
                            -0.5090785622596741
                        ],
                        [
                            0.001846102299168706,
                            0.9998506307601929,
                            -0.01718403398990631
                        ],
                        [
                            0.5091801881790161,
                            0.013849764131009579,
                            0.8605484962463379
                        ]
                    ],
                    "specTranslation": {
                        "x": -1.0,
                        "y": 0.0,
                        "z": 0.0
                    },
                    "toCameraSocket": 3,
                    "translation": {
                        "x": -7.144916534423828,
                        "y": 0.03550885245203972,
                        "z": -4.009780406951904
                    }
                },
                "height": 800,
                "intrinsicMatrix": [
                    [
                        394.67742919921875,
                        0.0,
                        635.5670776367188
                    ],
                    [
                        0.0,
                        394.74139404296875,
                        388.7048645019531
                    ],
                    [
                        0.0,
                        0.0,
                        1.0
                    ]
                ],
                "lensPosition": 0,
                "specHfovDeg": 0.0,
                "width": 1280
            }
        ],
        [
            2,
            {
                "cameraType": 0,
                "distortionCoeff": [
                    -0.0016961548244580626,
                    0.0008023101836442947,
                    0.0006638881168328226,
                    -0.00012033304665237665,
                    0.0,
                    436.8927307128906,
                    436.67486572265625,
                    951.5175170898438,
                    608.9453735351563,
                    -0.29689300060272217,
                    0.5544975399971008,
                    0.0,
                    0.0,
                    0.0
                ],
                "extrinsics": {
                    "rotationMatrix": [],
                    "specTranslation": {
                        "x": 0.0,
                        "y": 0.0,
                        "z": 0.0
                    },
                    "toCameraSocket": -1,
                    "translation": {
                        "x": 0.0,
                        "y": 0.0,
                        "z": 0.0
                    }
                },
                "height": 1200,
                "intrinsicMatrix": [
                    [
                        620.0139770507813,
                        0.0,
                        951.4654541015625
                    ],
                    [
                        0.0,
                        619.4407348632813,
                        608.8797607421875
                    ],
                    [
                        0.0,
                        0.0,
                        1.0
                    ]
                ],
                "lensPosition": 0,
                "specHfovDeg": 0.0,
                "width": 1920
            }
        ],
        [
            0,
            {
                "cameraType": 1,
                "distortionCoeff": [
                    0.3568705916404724,
                    0.0629107728600502,
                    -0.1382361352443695,
                    0.04619084671139717,
                    0.0,
                    0.0,
                    0.0,
                    0.0,
                    0.0,
                    0.0,
                    0.0,
                    0.0,
                    0.0,
                    0.0
                ],
                "extrinsics": {
                    "rotationMatrix": [
                        [
                            0.8693609237670898,
                            0.007019914221018553,
                            0.4941278398036957
                        ],
                        [
                            -0.005526659078896046,
                            0.9999746680259705,
                            -0.004482797347009182
                        ],
                        [
                            -0.49414679408073425,
                            0.0011662928154692054,
                            0.8693776726722717
                        ]
                    ],
                    "specTranslation": {
                        "x": -1.0,
                        "y": 0.0,
                        "z": 0.0
                    },
                    "toCameraSocket": 3,
                    "translation": {
                        "x": 7.13689661026001,
                        "y": 0.0024358611553907394,
                        "z": -4.036255359649658
                    }
                },
                "height": 800,
                "intrinsicMatrix": [
                    [
                        399.7559814453125,
                        0.0,
                        646.3265991210938
                    ],
                    [
                        0.0,
                        399.8122863769531,
                        397.83154296875
                    ],
                    [
                        0.0,
                        0.0,
                        1.0
                    ]
                ],
                "lensPosition": 0,
                "specHfovDeg": 0.0,
                "width": 1280
            }
        ]
    ],
    "deviceName": "DP180-2501-0106",
    "hardwareConf": "",
    "housingExtrinsics": {
        "rotationMatrix": [],
        "specTranslation": {
            "x": 0.0,
            "y": 0.0,
            "z": 0.0
        },
        "toCameraSocket": -1,
        "translation": {
            "x": 0.0,
            "y": 0.0,
            "z": 0.0
        }
    },
    "imuExtrinsics": {
        "rotationMatrix": [
            [
                -1.0,
                -4.622231866529366e-33,
                2.6985963464987126e-17
            ],
            [
                -2.6985963464987126e-17,
                2.220446049250313e-16,
                -1.0
            ],
            [
                -4.622231866529366e-33,
                -1.0,
                -4.440892098500626e-16
            ]
        ],
        "specTranslation": {
            "x": 8000000.0,
            "y": 0.0,
            "z": 0.0
        },
        "toCameraSocket": 3,
        "translation": {
            "x": -1.0,
            "y": 6.938893903907228e-16,
            "z": -4.0
        }
    },
    "miscellaneousData": [],
    "productName": "VK180-V2-FFC",
    "stereoEnableDistortionCorrection": false,
    "stereoRectificationData": {
        "leftCameraSocket": -1,