{
    "batchName": "",
    "batchTime": 1748930641,
    "boardConf": "",
    "boardCustom": "",
    "boardName": "",
    "boardOptions": 128,
    "boardRev": "",
    "cameraData": [
        [
            0,
            {
                "cameraType": 1,
                "distortionCoeff": [
                    0.37264731526374817,
                    0.046181123703718185,
                    -0.12143085151910782,
                    0.04040228947997093,
                    0.0,
                    0.0,
                    0.0,
                    0.0,
                    0.0,
                    0.0,
                    0.0,
                    0.0,
                    0.0,
                    0.0
                ],
                "extrinsics": {
                    "rotationMatrix": [
                        [
                            0.9999820590019226,
                            -0.001542538171634078,
                            0.005783316679298878
                        ],
                        [
                            -0.004917065612971783,
                            0.3392462432384491,
                            0.9406847357749939
                        ],
                        [
                            -0.003413010388612747,
                            -0.9406963586807251,
                            0.33923256397247314
                        ]
                    ],
                    "specTranslation": {
                        "x": -1.0,
                        "y": 0.0,
                        "z": 0.0
                    },
                    "toCameraSocket": 3,
                    "translation": {
                        "x": 0.004713995382189751,
                        "y": 0.9562394022941589,
                        "z": -2.294029712677002
                    }
                },
                "height": 800,
                "intrinsicMatrix": [
                    [
                        395.20806884765625,
                        0.0,
                        641.359375
                    ],
                    [
                        0.0,
                        394.9168395996094,
                        411.23370361328125
                    ],
                    [
                        0.0,
                        0.0,
                        1.0
                    ]
                ],
                "lensPosition": 0,
                "specHfovDeg": 0.0,
                "width": 1280
            }
        ],
        [
            2,
            {
                "cameraType": 1,
                "distortionCoeff": [
                    0.3639509379863739,
                    0.04604959115386009,
                    -0.1186126172542572,
                    0.038760606199502945,
                    0.0,
                    0.0,
                    0.0,
                    0.0,
                    0.0,
                    0.0,
                    0.0,
                    0.0,
                    0.0,
                    0.0
                ],
                "extrinsics": {
                    "rotationMatrix": [
                        [
                            0.8678882718086243,
                            0.00981358252465725,
                            0.4966624975204468
                        ],
                        [
                            -0.014526594430208206,
                            0.9998786449432373,
                            0.005627703387290239
                        ],
                        [
                            -0.49654698371887207,
                            -0.012099032290279865,
                            0.8679255247116089
                        ]
                    ],
                    "specTranslation": {
                        "x": -1.0,
                        "y": 0.0,
                        "z": 0.0
                    },
                    "toCameraSocket": 3,
                    "translation": {
                        "x": 6.754158020019531,
                        "y": -0.006432648748159409,
                        "z": -3.6870038509368896
                    }
                },
                "height": 800,
                "intrinsicMatrix": [
                    [
                        395.669921875,
                        0.0,
                        622.1686401367188
                    ],
                    [
                        0.0,
                        395.0623779296875,
                        386.833740234375
                    ],
                    [
                        0.0,
                        0.0,
                        1.0
                    ]
                ],
                "lensPosition": 0,
                "specHfovDeg": 0.0,
                "width": 1280
            }
        ],
        [
            3,
            {
                "cameraType": 0,
                "distortionCoeff": [
                    -3.0282579245977104e-05,
                    0.0002524006995372474,
                    0.0007139311637729406,
                    -9.387189493281767e-05,
                    0.0,
                    431.2301330566406,
                    430.4876403808594,
                    939.671142578125,
                    585.336669921875,
                    -0.3015790283679962,
                    0.5529800653457642,
                    0.0,
                    0.0,
                    0.0
                ],
                "extrinsics": {
                    "rotationMatrix": [],
                    "specTranslation": {
                        "x": 0.0,
                        "y": 0.0,
                        "z": 0.0
                    },
                    "toCameraSocket": -1,
                    "translation": {
                        "x": 0.0,
                        "y": 0.0,
                        "z": 0.0
                    }
                },
                "height": 1200,
                "intrinsicMatrix": [
                    [
                        614.8464965820313,
                        0.0,
                        939.4267578125
                    ],
                    [
                        0.0,
                        613.5963134765625,
                        585.2528076171875
                    ],
                    [
                        0.0,
                        0.0,
                        1.0
                    ]
                ],
                "lensPosition": 0,
                "specHfovDeg": 0.0,
                "width": 1920
            }
        ],
        [
            1,
            {
                "cameraType": 1,
                "distortionCoeff": [
                    0.35489338636398315,
                    0.07927590608596802,
                    -0.14823000133037567,
                    0.04836050048470497,
                    0.0,
                    0.0,
                    0.0,
                    0.0,
                    0.0,
                    0.0,
                    0.0,
                    0.0,
                    0.0,
                    0.0
                ],
                "extrinsics": {
                    "rotationMatrix": [
                        [
                            0.8703312277793884,
                            0.004017941653728485,
                            -0.492450475692749
                        ],
                        [
                            -0.006260109134018421,
                            0.9999761581420898,
                            -0.002904905704781413
                        ],
                        [
                            0.4924270808696747,
                            0.005611023865640163,
                            0.8703356385231018
                        ]
                    ],
                    "specTranslation": {
                        "x": -1.0,
                        "y": 0.0,
                        "z": 0.0
                    },