{
    "batchName": "",
    "batchTime": 1705136713,
    "boardConf": "",
    "boardCustom": "",
    "boardName": "",
    "boardOptions": 128,
    "boardRev": "",
    "cameraData": [
        [
            2,
            {
                "cameraType": 0,
                "distortionCoeff": [
                    0.004360220395028591,
                    -0.004996286705136299,
                    0.003066374221816659,
                    -0.0004100342048332095,
                    0.0,
                    441.2287292480469,
                    441.1430358886719,
                    950.1485595703125,
                    602.88916015625,
                    -0.28306084871292114,
                    0.5580464005470276,
                    0.0,
                    0.0,
                    0.0
                ],
                "extrinsics": {
                    "rotationMatrix": [
                        [
                            -0.0012039744760841131,
                            0.006112224888056517,
                            0.9999805688858032
                        ],
                        [
                            0.0022864704951643944,
                            0.9999787211418152,
                            -0.006109460722655058
                        ],
                        [
                            -0.9999966621398926,
                            0.0022790704388171434,
                            -0.001217924291267991
                        ]
                    ],
                    "specTranslation": {
                        "x": -1.0,
                        "y": 0.0,
                        "z": 0.0
                    },
                    "toCameraSocket": 3,
                    "translation": {
                        "x": 4.140973091125488,
                        "y": -0.009810804389417171,
                        "z": -4.127849578857422
                    }
                },
                "height": 1200,
                "intrinsicMatrix": [
                    [
                        612.9265747070313,
                        0.0,
                        950.1664428710938
                    ],
                    [
                        0.0,
                        612.7073974609375,
                        602.9282836914063
                    ],
                    [
                        0.0,
                        0.0,
                        1.0
                    ]
                ],
                "lensPosition": 0,
                "specHfovDeg": 0.0,
                "width": 1920
            }
        ],
        [
            3,
            {
                "cameraType": 0,
                "distortionCoeff": [
                    0.005246238317340612,
                    -0.0037619038484990597,
                    0.0026899450458586216,
                    -0.0004448298132047057,
                    0.0,
                    447.0429382324219,
                    446.88421630859375,
                    956.8480224609375,
                    598.8782958984375,
                    -0.2742595374584198,
                    0.5588578581809998,
                    0.0,
                    0.0,
                    0.0
                ],
                "extrinsics": {
                    "rotationMatrix": [
                        [
                            0.005431567784398794,
                            -0.009730394929647446,
                            0.999937891960144
                        ],
                        [
                            0.0014638875145465136,
                            0.9999516606330872,
                            0.009722577407956123
                        ],
                        [
                            -0.9999842047691345,
                            0.0014109878102317452,
                            0.005445549264550209
                        ]
                    ],
                    "specTranslation": {
                        "x": -1.0,
                        "y": 0.0,
                        "z": 0.0
                    },
                    "toCameraSocket": 0,
                    "translation": {
                        "x": 5.7752461433410645,
                        "y": 0.02640511281788349,
                        "z": -5.678474426269531
                    }
                },
                "height": 1200,
                "intrinsicMatrix": [
                    [
                        613.8642578125,
                        0.0,
                        956.867919921875
                    ],
                    [
                        0.0,
                        613.608642578125,
                        598.930908203125
                    ],
                    [
                        0.0,
                        0.0,
                        1.0
                    ]
                ],
                "lensPosition": 0,
                "specHfovDeg": 0.0,
                "width": 1920
            }
        ],
        [
            1,
            {
                "cameraType": 0,
                "distortionCoeff": [
                    0.0057063535787165165,
                    -0.002658981131389737,
                    0.001308190287090838,
                    -2.6825789973372594e-05,
                    0.0,
                    448.21527099609375,
                    447.8465270996094,
                    962.8597412109375,
                    599.6026611328125,
                    -0.2724379599094391,
                    0.5591617226600647,
                    0.0,
                    0.0,
                    0.0
                ],
                "extrinsics": {
                    "rotationMatrix": [
                        [
                            -0.015001226216554642,
                            -0.00642647547647357,
                            -0.9998668432235718
                        ],
                        [
                            0.0052808369509875774,
                            0.9999648928642273,
                            -0.006506334990262985
                        ],
                        [
                            0.9998735189437866,
                            -0.005377736873924732,
                            -0.014966761693358421
                        ]
                    ],
                    "specTranslation": {
                        "x": -1.0,
                        "y": 0.0,
                        "z": 0.0
                    },
                    "toCameraSocket": 0,
                    "translation": {
                        "x": -4.110393524169922,
                        "y": -0.027992071583867073,
                        "z": -4.155854225158691
                    }
                },
                "height": 1200,
                "intrinsicMatrix": [
                    [
                        613.8019409179688,
                        0.0,
                        963.0987548828125
                    ],
                    [
                        0.0,
                        613.281005859375,
                        599.6575927734375
                    ],
                    [
                        0.0,
                        0.0,
                        1.0
                    ]
                ],
                "lensPosition": 0,
                "specHfovDeg": 0.0,
                "width": 1920
            }
        ],
        [
            0,
            {
                "cameraType": 0,